{
    "accuracy": 0.9767819828186672,
    "precision": 0.9820816281384802,
    "recall": 0.9685829606196138,
    "f1_score": 0.9752855887521968
}